,tsne,high_dim,sent,color
0,[61.37234  51.934357],"[-1.02049582e-01  2.44446248e-02 -5.83925238e-03 -3.23314667e-02
  2.51640808e-02 -4.55554128e-02  1.30581006e-01 -4.97206748e-02
 -4.52972250e-03 -4.54232730e-02 -4.78232093e-02  1.22429605e-03
  4.60167788e-02  1.99408438e-02  7.01103136e-02  5.66108786e-02
 -1.18950326e-02 -1.63144767e-02 -4.92033251e-02  1.86022557e-02
 -5.86557202e-02  1.13889202e-01 -1.94008630e-02 -1.17081832e-02
  3.49095128e-02  1.08111734e-02 -1.78624652e-02 -1.59104466e-02
  1.08130090e-03 -1.98158063e-02 -5.32532744e-02  2.44018435e-02
  4.52177599e-02 -5.86101087e-04 -4.52975743e-02 -3.09703480e-02
  1.46595603e-02 -5.17391823e-02  5.71355335e-02  5.15672527e-02
  6.62248582e-02 -3.41887958e-02  2.67116185e-02  1.00465603e-01
  5.08987382e-02 -9.54998583e-02 -2.21220683e-02 -8.26860741e-02
 -2.92005949e-03 -2.77894121e-02  3.13196667e-02 -1.02973497e-02
 -2.99778022e-03 -4.03562263e-02  2.35397872e-02 -9.07416549e-03
 -2.39583887e-02 -8.23587775e-02  1.51996845e-02  7.86735956e-03
 -1.45587036e-02  4.25782017e-02 -1.17715508e-01  1.28075972e-01
 -3.61680426e-02  5.12842014e-02  5.75166382e-02  5.08247688e-02
 -1.29432138e-02  9.86473709e-02  4.28945906e-02 -5.24026575e-03
 -3.84458080e-02 -2.82359626e-02  8.39229021e-03  3.96798886e-02
  5.65055907e-02  5.52534312e-02  4.04932722e-02  7.43628219e-02
  4.15107198e-02 -3.11274249e-02 -7.41058886e-02 -6.47289082e-02
  2.95492485e-02 -2.63883434e-02  7.66201541e-02  2.59311739e-02
 -2.70710625e-02  8.20913166e-02 -6.47673979e-02 -7.60188922e-02
  8.16904306e-02  2.67092604e-02 -4.74211611e-02 -4.02808487e-02
 -6.17004046e-03  8.58763456e-02 -7.53123462e-02  1.37261659e-01
  1.48377493e-02 -1.64038725e-02  3.99142876e-02  4.94459532e-02
  1.66747887e-02 -2.54117846e-02 -1.64270103e-02  3.84955890e-02
  9.28791892e-03 -1.90470945e-02 -7.72325322e-02 -5.97080104e-02
 -3.89727801e-02  3.10054421e-02 -1.26021067e-02  9.60780084e-02
 -9.87165980e-03  5.61027974e-02  2.37034019e-02 -3.53968628e-02
  2.73938645e-02  2.31666863e-02 -8.19595437e-03  5.37297837e-02
  2.86520142e-02 -4.66916561e-02  3.93131655e-03 -2.94811063e-33
 -2.16028430e-02  1.34460907e-02  3.66937891e-02 -1.67924468e-03
 -9.37773101e-03  3.25108133e-02 -1.60751604e-02 -1.95444431e-02
 -9.06815827e-02  2.05407292e-02  5.73730357e-02 -2.45113224e-02
  1.49675272e-02 -2.46691499e-02  4.19054329e-02  2.96521699e-03
 -3.82946692e-02 -1.30773000e-02 -1.86509918e-02  6.61207875e-03
  4.45937701e-02 -1.80140196e-04 -2.69825794e-02 -3.43997478e-02
 -8.48470107e-02 -3.24542373e-02  2.09262818e-02 -9.73627344e-02
  1.42659377e-02  4.31426018e-02 -3.83727662e-02 -4.37397650e-03
  1.29774855e-02 -4.01700959e-02 -2.67965589e-02 -1.14266649e-02
  2.16423888e-02 -6.76409677e-02 -5.34048341e-02  5.85603900e-02
 -4.26047631e-02 -1.68743171e-02 -2.11859923e-02  6.42639175e-02
 -8.45755357e-03  7.88206533e-02  5.21011241e-02  1.05459886e-02
 -7.89616480e-02 -1.55906919e-02 -2.46442854e-02  4.07985225e-03
 -7.14687183e-02  5.88577799e-02 -8.02232251e-02 -2.20577866e-02
 -5.86781767e-04 -5.23722135e-02  4.38256860e-02  5.70004173e-02
 -5.47866663e-03  4.22079153e-02 -8.16168934e-02  5.21067670e-03
 -5.31177409e-02 -1.11185024e-02 -3.26102972e-02  3.67888920e-02
  8.16795975e-02 -1.81485321e-02 -6.99268654e-02  2.19662953e-02
  8.53405446e-02 -3.70909236e-02 -3.21947299e-02  1.73762778e-03
 -5.57600707e-02  2.24811789e-02 -3.11433035e-03 -4.11884710e-02
  5.02778478e-02 -3.82688567e-02  7.68361054e-03 -1.03276335e-02
  6.95671961e-02 -1.62969213e-02 -2.57721301e-02  2.87448359e-03
  7.86922276e-02 -1.04347184e-01 -6.41408935e-02  3.24338488e-02
 -1.77129591e-03  1.75788184e-03 -2.42174137e-02 -1.35937757e-33
 -7.04817250e-02 -5.64148976e-03  4.37112562e-02  4.37916964e-02
 -5.54475375e-03  2.14543734e-02  3.91350053e-02  1.89566929e-02
 -2.32424419e-02  2.53385250e-02  2.07085032e-02 -7.27842525e-02
  3.99226137e-02  3.28384936e-02 -9.09108669e-03  2.60932595e-02
  3.57952416e-02  9.36097372e-03 -4.08910699e-02 -7.18588233e-02
  3.38991825e-03 -2.14326847e-03 -7.70110870e-03 -7.13932440e-02
 -1.47024067e-02  4.13327627e-02  2.73678117e-02  5.36227711e-02
 -7.73184597e-02 -8.74090183e-05  1.32062241e-01 -8.70853588e-02
 -9.98487175e-02 -4.74729687e-02  5.51841296e-02  7.61536211e-02
 -4.55253422e-02 -4.95967083e-02  4.46997434e-02 -8.48862156e-02
 -1.24898669e-03 -2.22454257e-02 -3.13809514e-02  1.15245543e-01
 -2.34127771e-02  1.66782383e-02  4.48334850e-02  1.68023873e-02
  3.15057710e-02  1.04703777e-01 -7.91647360e-02 -1.08245246e-01
  1.64125522e-03 -2.28700861e-02 -7.32276067e-02  8.99184346e-02
 -6.49862140e-02  9.39389244e-02  1.27314543e-02  3.56604420e-02
  3.33683286e-03 -1.89146511e-02 -3.12536582e-02  4.76450212e-02
  2.53698509e-02 -2.23655328e-02 -1.05971685e-02 -1.03415370e-01
  1.26779871e-02 -3.12780552e-02  1.23619385e-01 -5.25602400e-02
 -1.02211714e-01 -1.61849484e-02 -3.19806822e-02 -3.83212380e-02
  2.03144494e-02  1.42252604e-02 -7.55195320e-02 -9.35915709e-02
 -3.31090689e-02 -2.18158010e-02  1.58889443e-02 -1.04486812e-02
 -1.08877569e-02 -9.23570525e-03  1.11082457e-02 -7.90170357e-02
 -9.30651352e-02  6.69576451e-02  1.82728190e-02  8.88117626e-02
  1.57782346e-01 -5.01902066e-02  6.81207515e-03 -1.86127647e-08
 -1.82865262e-02  1.79764368e-02 -1.06402086e-02  1.89105291e-02
  2.29146751e-03  2.30928622e-02 -8.30385238e-02 -1.78723913e-02
  3.71633247e-02 -3.37228701e-02  1.11766197e-01  4.24951249e-05
 -2.97398400e-02  5.70143433e-03  1.14896238e-01  4.76944633e-02
 -3.04542948e-02 -9.12931748e-03 -4.32552733e-02  2.57214662e-02
  7.48256221e-02  7.57350773e-03 -3.00819403e-03 -9.94087458e-02
 -3.81419770e-02  3.41175161e-02 -5.09506799e-02  1.60191339e-02
  3.15994769e-02  1.80873722e-02  7.40650520e-02  5.12044579e-02
 -6.41773641e-02 -1.26239462e-02  7.74291251e-03 -7.90129006e-02
 -2.26359796e-02 -2.12465394e-02  6.24200515e-03 -5.92598096e-02
 -5.26563115e-02  7.52020851e-02  6.22333353e-03  3.21621075e-02
 -6.99219033e-02 -3.36344689e-02 -1.17740063e-02 -4.48025502e-02
 -3.12856212e-02 -7.65962675e-02 -3.14382873e-02 -1.89380329e-02
 -2.28320789e-02  1.26125440e-01  1.43415302e-01 -3.14148627e-02
  4.09439802e-02 -3.59489881e-02  9.61490795e-02 -2.97927093e-02
  1.28116190e-01  3.71044353e-02  2.27443203e-02 -4.08380926e-02]",I.,"[0.6, 0.6, 0, 1]"
1,[-21.937105  57.04252 ],"[-9.71928611e-03  1.19269021e-01 -7.46274665e-02 -3.18886503e-03
  2.28438992e-02  2.93717533e-02  2.97692530e-02  4.65098284e-02
 -5.46341669e-03 -2.71160883e-04  6.55349046e-02  2.37186197e-02
  7.39227189e-03 -7.14325011e-02 -8.93689841e-02  1.28201228e-02
 -6.05375133e-02 -9.20579582e-02 -3.41602564e-02  6.36371523e-02
 -4.68012393e-02 -6.85392693e-02  1.27242822e-02  2.64485087e-02
 -3.57002020e-02 -1.50794350e-02  3.43222357e-03  4.63982187e-02
 -1.14430990e-02 -7.34809563e-02 -2.61677266e-03  9.27353948e-02
  1.16001396e-03 -2.58620009e-02  2.40506791e-03 -1.52269639e-02
  4.59388830e-02 -3.38690020e-02  2.23029274e-02 -9.15043522e-03
  3.92196588e-02 -7.13104606e-02 -2.88594402e-02  1.92099400e-02
 -2.06265431e-02  4.45890911e-02  3.47896107e-02  6.09000772e-02
 -3.47867534e-02  3.82040031e-02 -9.91068128e-03 -2.68149972e-02
  3.19307558e-02 -2.07312219e-02 -2.18858235e-02 -6.60786405e-02
 -3.50316539e-02  6.16526082e-02  6.44946545e-02  5.56666628e-02
  4.24799100e-02  5.16555719e-02 -8.08309540e-02  8.05612952e-02
 -1.64633691e-02 -1.94465518e-02 -2.74790227e-02  2.14842726e-02
 -2.79833283e-02 -2.02168413e-02  8.55104104e-02 -1.35131538e-01
 -5.55337258e-02 -1.81940924e-02 -7.80109763e-02  1.20916031e-02
 -1.78672262e-02  1.92066208e-02  5.59880724e-03 -5.11587709e-02
  2.47315522e-02 -1.39879237e-03  1.46277575e-02  2.16972958e-02
  2.68191304e-02 -1.22785419e-02  4.94303741e-03 -5.69006056e-02
  9.03702974e-02 -1.77349094e-02 -1.89608522e-02 -3.40397321e-02
  4.64211516e-02  1.20053671e-01 -5.19182794e-02  4.35839519e-02
  2.30258089e-02  5.80607988e-02  2.75845956e-02  1.55517578e-01
  1.14926938e-02  1.03025787e-01 -5.43332053e-03 -4.36823741e-02
 -6.40012771e-02 -4.66655008e-02  6.48760572e-02  5.63676730e-02
 -9.18329582e-02 -5.10293059e-03 -6.01701476e-02 -8.54018889e-03
 -1.04992921e-02 -1.00430056e-01  1.02853574e-01 -1.06378156e-03
  8.79816189e-02 -3.03632673e-03 -8.92216116e-02 -2.48750765e-03
  6.94977939e-02  6.76995562e-03 -9.13476124e-02  2.46086977e-02
 -2.61984579e-03  3.04710418e-02 -1.66745503e-02 -6.21091248e-33
  5.60921766e-02 -3.06497682e-02 -9.53774005e-02  7.35500604e-02
  2.67797355e-02  5.83024919e-02 -3.89084145e-02 -5.82040986e-03
 -1.66447349e-02  2.26188209e-02  2.78647114e-02 -4.33348827e-02
 -7.92726874e-02 -1.45003632e-01  1.00965453e-02  7.09245577e-02
 -6.55029481e-03  2.34540328e-02 -3.39535438e-02  3.15376022e-03
  7.24170730e-02  9.63699073e-03  4.73080315e-02  3.94246570e-04
  9.63931438e-03  8.07532147e-02  1.26710022e-02 -4.76375185e-02
  6.86843321e-02  3.30320969e-02  3.10369749e-02  4.12426554e-02
  2.79521905e-02 -6.01642281e-02  4.23320308e-02  2.56811976e-02
 -5.65635338e-02 -5.21556064e-02 -1.50790699e-02  3.68882567e-02
  3.89687791e-02 -4.81950529e-02 -4.09814157e-02  3.85749787e-02
  5.36888689e-02  5.15253842e-02 -2.76968945e-02  9.27047152e-03
  2.84490492e-02 -1.23133712e-01  2.60831639e-02 -4.55370694e-02
 -2.50514168e-02  7.91595504e-02  8.23871698e-03  7.03652874e-02
 -3.51839773e-02  8.54497850e-02  2.52801869e-02  3.52856293e-02
  7.83712938e-02  4.90167625e-02 -5.93606830e-02  5.56467324e-02
 -8.62133205e-02 -7.14890361e-02  1.18919346e-03  5.52082472e-02
 -6.76819235e-02 -9.35254991e-02 -2.35474221e-02 -2.57120859e-02
  3.16128577e-03  3.50787938e-02 -5.65164462e-02  5.97500987e-02
 -4.19480875e-02 -4.50353213e-02 -1.66741200e-02 -1.51992217e-02
 -5.21652736e-02 -6.41514510e-02  5.19578420e-02  2.25032661e-02
 -2.45827362e-02 -4.57420218e-04  3.85471955e-02 -2.11994573e-02
 -5.25198877e-02  1.44909497e-03 -3.70061696e-02  6.87658563e-02
  8.82859007e-02 -4.75288928e-02 -3.66805233e-02  2.76757729e-33
 -4.73470651e-02  1.87111758e-02  1.93178318e-02 -8.76199268e-03
  3.92774232e-02  6.45922078e-03 -4.21633273e-02 -2.38146354e-03
 -5.44074327e-02  4.43774648e-02 -7.60756955e-02 -1.10460490e-01
  3.99609171e-02  1.99956261e-02  2.73181070e-02  3.67454477e-02
  1.21839292e-01  5.61697269e-03 -2.56138500e-02 -4.39043017e-03
 -3.59563529e-02  1.98145341e-02  3.39961797e-03  9.60099418e-03
 -3.89873683e-02  9.14441869e-02  2.63187531e-02 -1.23851486e-02
 -5.07983603e-02  8.30780864e-02 -2.16068253e-02  6.91410899e-02
 -2.40881871e-02  4.73171938e-04 -5.51473117e-03  8.55353251e-02
  2.93658841e-02 -6.66827708e-02  2.70036142e-02 -3.84091362e-02
 -1.30859809e-02 -5.39233610e-02 -2.68998817e-02  9.90942791e-02
  5.48042059e-02 -1.73672773e-02 -6.18881509e-02  8.90903454e-03
  3.63339484e-02 -4.86873277e-02 -3.53889493e-03  3.53247151e-02
 -2.95887794e-02  5.59652783e-02 -2.25706003e-03 -3.52230631e-02
 -9.51881856e-02 -3.68792843e-03  2.12273124e-04  1.67030022e-02
 -1.56070748e-02  9.23569780e-03 -1.40711322e-01  4.14025038e-02
  2.88506914e-02 -6.54252898e-03 -3.39670735e-03 -1.95667986e-02
  1.90001335e-02  4.57166247e-02  7.59190843e-02  1.00952275e-02
 -1.21401578e-01  2.80301776e-02 -3.09018102e-02  6.82483688e-02
 -2.46671569e-02  9.51100793e-03 -3.60063799e-02 -2.79974588e-03
 -5.53686880e-02 -5.48637994e-02  4.43252511e-02 -1.99673027e-02
  4.39956188e-02 -4.08740565e-02  4.26452681e-02 -7.63867497e-02
 -2.30455324e-02 -4.33032401e-04  9.60964337e-03 -5.42489551e-02
  8.66350310e-04 -2.04934683e-02  7.23110884e-02 -1.49452966e-08
  7.89292157e-02 -4.60140668e-02 -9.05338582e-03 -2.90554482e-03
  6.98510036e-02 -9.45642442e-02 -1.13599420e-01  1.24140875e-02
 -1.77148660e-03  8.43772739e-02 -8.95752683e-02  5.73856495e-02
  5.27602397e-02 -2.18345714e-03  6.18043169e-02 -1.38139082e-02
  2.02777162e-02 -7.27613717e-02 -4.41038162e-02  2.94694752e-02
  8.50122795e-02  3.25560123e-02  5.10434911e-04 -8.92673507e-02
  1.10297871e-03 -6.60541132e-02 -6.31162003e-02  4.20368649e-02
  4.17808630e-03 -1.45962089e-02  4.98977304e-02  8.34901445e-03
  1.69550516e-02 -6.84470236e-02 -1.07052075e-02  1.25977248e-01
  4.31532785e-02 -9.15752053e-02  1.13335075e-02 -1.58267274e-01
 -2.04454493e-02  1.23021826e-02  2.55873203e-02  2.58956272e-02
 -2.93536461e-03 -6.85744435e-02 -4.21031564e-02  1.15732746e-02
  2.67621540e-02 -5.45061938e-02 -2.07228656e-03  1.57334339e-02
  5.13166040e-02  4.37873676e-02  6.24244995e-02 -5.04591912e-02
 -1.09373108e-02  8.07964504e-02 -3.92971784e-02 -4.52709906e-02
 -5.82864089e-03 -1.16322627e-02 -4.30588983e-02 -7.67251775e-02]",A SCANDAL IN BOHEMIA   I.,"[0.6, 0.6, 0, 1]"
2,[-22.495378   8.40323 ],"[ 1.54830310e-02 -1.28336307e-02 -1.99095570e-02  7.43346363e-02
 -5.84140643e-02  5.07238088e-03  3.37412134e-02 -5.05215004e-02
 -5.75884804e-02 -6.32769689e-02  1.47433095e-02 -2.69312561e-02
 -7.81299174e-03  4.39301273e-03 -6.72928989e-02  6.08279184e-02
  5.99137843e-02  7.20633706e-03  5.88518381e-02  3.77922580e-02
 -7.84616470e-02 -3.72428522e-02  5.64807542e-02 -5.42810187e-02
 -7.46843144e-02 -3.05815488e-02  3.22124213e-02 -2.45782733e-02
 -5.25691509e-02  6.04158733e-03 -8.29928890e-02  1.69434343e-02
 -6.50313720e-02  1.92468166e-02 -1.70898642e-02 -1.05652716e-02
  1.73398387e-02  9.73483026e-02  1.04517631e-01  3.61384489e-02
 -6.18722551e-02 -1.14041895e-01 -3.66504304e-02  3.08394874e-03
 -5.92842847e-02 -3.44400518e-02  7.73279145e-02 -6.69914298e-03
 -2.26970967e-02 -1.45461550e-02 -1.83690842e-02  4.49948274e-02
 -8.10029209e-02  5.54979146e-02  4.57090475e-02 -5.40314503e-02
 -5.07274596e-03  1.15281390e-02  1.16231963e-02  1.70493789e-03
  1.19057298e-02  1.28421769e-01 -6.66892901e-03  1.01578534e-01
  3.37694250e-02 -3.32912779e-03 -2.12286115e-02  1.13326581e-02
 -1.70623250e-02  3.53536196e-02  2.56316606e-02  4.98457365e-02
  5.41889016e-03  2.53736414e-02  3.08950022e-02  3.76229621e-02
  7.74277598e-02 -3.49912792e-02  8.19649398e-02  5.14212362e-02
 -9.82273594e-02 -1.13304414e-01  2.27020830e-02  1.15405746e-01
  4.72290739e-02 -7.38859642e-03  9.42103192e-03 -1.70259457e-02
 -4.11451496e-02  4.60612029e-03 -8.88427719e-02 -8.25608298e-02
  2.08832212e-02  4.01919559e-02 -2.59869862e-02 -1.10332901e-02
 -9.46452916e-02  2.76161116e-02 -3.12367342e-02  3.95598263e-02
  3.67285626e-04  9.27083865e-02 -3.32620926e-03  3.16792205e-02
 -2.11246815e-02 -3.37540582e-02  1.07183475e-02  1.06118973e-02
  4.43474986e-02 -2.48263776e-03  5.69582544e-02 -7.11056516e-02
  2.73443609e-02 -2.01231856e-02  3.36895920e-02  5.75383054e-03
 -3.35361585e-02  2.26993114e-04 -7.79426796e-03 -4.05412652e-02
 -8.32915679e-03  7.79204369e-02 -8.22791010e-02  3.60053629e-02
  1.10109355e-02 -2.96790805e-02  2.38477066e-02 -5.33146638e-33
 -5.03767505e-02  8.28266144e-03  6.25612736e-02 -1.69542637e-02
 -8.79725665e-02  5.26150949e-02  3.06432135e-02  8.33479166e-02
  4.33088914e-02  3.18117328e-02  3.28552090e-02 -1.97755471e-02
 -1.17037781e-01 -1.09003708e-01 -2.12579826e-03  1.25728577e-01
  6.43258449e-03  4.30083275e-02 -3.56223546e-02  4.81412821e-02
  4.69195843e-02  7.99967349e-02 -2.45363191e-02  5.46262506e-03
 -4.17629182e-02  3.11015779e-03  1.01901159e-01  5.73322587e-02
 -6.24853782e-02  5.85546046e-02 -4.58521023e-02 -9.60204564e-03
  1.44814211e-03 -1.19388271e-02  1.28046637e-02 -3.78011204e-02
 -3.73058580e-02 -2.21733991e-02  2.98908167e-03  5.11693582e-02
 -7.19305649e-02 -3.81389335e-02  9.08240229e-02 -2.40562409e-02
 -6.04626238e-02 -6.14152197e-03 -1.12819858e-01  5.46743236e-02
 -3.17401811e-02  4.07525934e-02 -6.27375618e-02 -1.85508409e-03
  6.45697117e-02  1.02420643e-01 -2.70780758e-03 -1.84387174e-02
  6.73956200e-02  3.51006091e-02  4.14156057e-02  1.11868996e-02
  4.75655049e-02  3.35221132e-03 -3.38964276e-02  1.01394176e-01
  1.05395438e-02  3.45016047e-02  9.04024672e-03 -2.75652166e-02
 -1.11162886e-01  1.09699413e-01 -8.96147937e-02  4.41268608e-02
  2.50800569e-02  6.62910938e-02 -8.08645114e-02 -7.43283611e-03
  3.15899402e-02 -9.38800648e-02 -1.08553553e-02 -4.93268529e-03
 -2.91470382e-02  7.76716098e-02 -2.70361081e-02 -4.35835384e-02
  1.72896311e-02 -3.78529192e-03 -1.30266063e-02 -1.07030302e-01
  1.65460892e-02  6.79872781e-02  7.84503743e-02 -2.54135113e-02
  3.82694751e-02 -5.20449020e-02 -6.62614629e-02  2.09759932e-33
 -2.50783786e-02 -7.07633793e-02 -4.43853624e-02 -4.65042405e-02
  6.67577516e-03 -3.50574148e-03 -3.75491828e-02  6.91757649e-02
 -2.85939109e-02  1.49755422e-02 -9.92634427e-03 -1.02602668e-01
 -4.97158021e-02  2.38467939e-02  4.11362499e-02 -1.19776223e-02
  3.28208283e-02 -9.75846723e-02 -3.55589017e-02  1.82667817e-03
 -5.80674149e-02  4.38230932e-02 -2.34858468e-02 -3.18822786e-02
  3.76100801e-02 -1.09350327e-02  5.99985979e-02  4.90885787e-02
 -2.69523300e-02  2.78154612e-02 -5.68142235e-02 -1.59018636e-02
 -9.70947370e-02 -7.39776269e-02 -4.34784144e-02  3.19705606e-02
  1.41590526e-02 -3.82561795e-02  9.86747369e-02  3.71959955e-02
 -2.85282359e-02 -2.35429834e-04 -4.02553678e-02  1.44999605e-02
  3.65501679e-02  6.58136755e-02 -1.46383289e-02  2.73471791e-02
  8.51326585e-02 -1.12964688e-02 -5.83562367e-02 -3.17091644e-02
 -6.54394692e-03 -2.94998437e-02  1.13965673e-02  5.22110574e-02
 -2.08271910e-02 -2.68849917e-02  1.68441683e-02 -5.52869290e-02
 -8.37016776e-02 -1.87600253e-03 -5.90811558e-02  7.76667297e-02
 -5.79721108e-02  1.96815748e-02 -9.62855667e-02  3.83555405e-02
 -6.49505556e-02 -1.06464708e-02  1.54859666e-02 -5.46296537e-02
 -7.96333849e-02  9.34662595e-02  2.31579673e-02  7.70226493e-03
  3.04637309e-02  6.29953016e-03  1.91049259e-02 -8.91844034e-02
 -4.17563729e-02 -1.39801390e-02  8.07128549e-02  1.02410149e-02
  5.62483296e-02  2.50393748e-02 -2.72910595e-02 -1.75445564e-02
 -6.72947709e-03 -9.58800614e-02 -1.19913165e-02 -1.04250442e-02
  2.35334393e-02 -6.33440241e-02 -4.50763106e-02 -1.78561113e-08
 -3.47291268e-02  5.34404442e-02  4.95610759e-02 -3.22957635e-02
  1.45825539e-02 -4.01747860e-02  5.68724386e-02 -5.94974495e-03
  2.63011586e-02  4.51136418e-02 -1.33144120e-02  7.01630116e-02
  1.06315743e-02 -5.03388140e-03  7.85001442e-02  4.02534492e-02
  8.41051117e-02 -4.51687761e-02 -4.86517660e-02 -5.23440773e-03
  5.11895604e-02 -7.18939602e-02  4.06869762e-02  2.31982395e-02
 -1.00877114e-01  6.96371272e-02 -5.72213158e-03 -7.72182792e-02
 -1.12324357e-02  7.30883330e-02 -1.85271178e-03 -1.20658493e-02
 -2.87521668e-02 -4.10947800e-02 -1.11947246e-01  3.05575039e-02
  2.28555966e-02  4.21879999e-02 -2.98169861e-03  9.79938731e-03
  7.50719476e-03 -4.14713174e-02 -6.32423386e-02  8.26029405e-02
  6.19751178e-02  1.69807654e-02  8.57264921e-02 -5.72100049e-03
 -1.11627346e-03  4.29577306e-02 -4.49595526e-02 -6.06125593e-03
  1.11510083e-01 -5.15905358e-02  4.01292276e-03 -3.12436838e-02
  4.75514978e-02 -3.71695906e-02 -8.82788301e-02  1.75533220e-02
  5.90209439e-02  3.86221372e-02  1.49936706e-01 -6.61938172e-03]",To Sherlock Holmes she is always _the_ woman.,"[0.6, 0.6, 0, 1]"
3,[-42.304142  27.008957],"[ 3.28028412e-03 -4.43716757e-02 -3.30407210e-02  1.24039305e-02
  6.60315435e-03 -2.65722014e-02  6.48919642e-02  2.24459898e-02
 -1.98016986e-02 -1.12850316e-01 -6.46940544e-02 -5.98269440e-02
  2.90166885e-02 -6.30281121e-02 -1.76649187e-02  6.94792718e-02
  7.33891353e-02  4.63271439e-02 -2.60266243e-03 -4.54005636e-02
 -4.78173196e-02 -2.03290079e-02  4.44007367e-02 -1.30663263e-02
 -9.97962989e-03 -9.54554901e-02  7.30845518e-03  3.36904749e-02
 -2.41570752e-02  4.12434898e-02 -2.19455399e-02  5.38085438e-02
 -3.44674080e-03  5.22541851e-02 -1.60491504e-02  5.03817052e-02
 -5.05327247e-02  1.02644086e-01 -9.98595613e-04 -5.82509078e-02
 -3.94561291e-02 -4.25906517e-02  2.61710454e-02  8.44944455e-03
 -3.73846591e-02 -6.42879233e-02  3.25637273e-02 -2.17419285e-02
  1.85202830e-03 -2.94941757e-02 -3.57293338e-02 -2.84167156e-02
  6.21273294e-02 -8.07381142e-03  9.84024070e-03  2.06816513e-02
  3.13214771e-02  4.57970016e-02  2.14546127e-03  5.82818948e-02
 -1.85593292e-02 -3.64102866e-03 -7.42440531e-03 -2.58313715e-02
 -3.28416638e-02  4.70553301e-02 -3.49587277e-02  4.39063786e-03
 -2.75230147e-02  7.52196535e-02  6.04274906e-02  4.04374823e-02
  1.69630162e-02  2.27346867e-02 -3.21913734e-02 -1.90414302e-02
  9.81896669e-02  1.02997079e-01 -1.52384387e-02  9.76290647e-03
 -4.27147076e-02  3.86885889e-02  2.31429823e-02 -7.21456707e-02
 -1.22014480e-02  2.11253334e-02  2.30900161e-02 -1.19647697e-01
 -7.27175847e-02 -1.47231789e-02 -5.05233370e-02 -1.06604442e-01
 -1.64051652e-02  4.95623506e-04  3.17044333e-02 -6.10340908e-02
  4.80891168e-02  5.23724146e-02 -1.39715940e-01  3.04085165e-02
 -6.77621365e-02  1.10823691e-01  2.18257625e-02  8.52153972e-02
 -7.38248006e-02  2.37953998e-02  3.87571231e-02  1.08551672e-02
  1.18838754e-02  6.00388553e-03  4.12037261e-02 -8.18804465e-03
  1.37901157e-02 -9.76243988e-03  4.21314389e-02 -2.82061603e-02
  7.12038279e-02 -2.72851083e-02 -5.81281893e-02 -5.58465645e-02
 -2.69076172e-02  7.61596560e-02 -5.20642940e-03  3.17183435e-02
 -7.47054666e-02  3.92705277e-02 -4.21163924e-02 -3.26156189e-33
  1.99180394e-02  1.97584648e-02  6.05180003e-02 -2.08964889e-06
 -1.39140096e-02  6.31522341e-03 -2.28327941e-02  1.24293538e-02
  9.20256749e-02 -1.81826763e-02  1.48848835e-02 -6.79434240e-02
  2.88747298e-03 -1.36148363e-01 -8.72271210e-02  1.33089334e-01
  4.33844961e-02  3.15815471e-02  9.76736564e-03  4.86515462e-02
  9.06252190e-02  1.28377289e-01 -2.65124831e-02 -2.03213077e-02
  3.61143760e-02 -7.02059455e-03  1.08190395e-01 -4.32639942e-02
  7.69179910e-02  6.22148067e-02 -8.03866535e-02  1.37602566e-02
  4.53854054e-02  2.54943315e-02  1.04546577e-01  2.92332098e-02
 -3.49766924e-03 -5.11766709e-02 -2.67765839e-02  4.45684902e-02
  8.00109878e-02  3.40598524e-02  5.00247590e-02 -1.67744830e-02
 -1.63422480e-01 -4.88223881e-02 -1.74307134e-02  7.13659823e-02
  1.16597369e-01 -1.92421935e-02  5.15059292e-05 -2.72618961e-02
 -1.09324187e-01  5.61670884e-02  2.81838253e-02 -6.19222550e-03
  4.88991775e-02 -4.11479212e-02  1.37879327e-01  6.83667287e-02
 -2.25650966e-02 -2.74134427e-02 -2.85040885e-02  2.59570181e-02
  7.77555583e-03  4.28717025e-02 -1.60683244e-02  4.69788536e-03
 -5.74468784e-02 -1.59886070e-02  1.72650199e-02  8.61474685e-03
 -1.79603938e-02 -5.10695623e-03 -1.13660945e-02 -2.59383087e-04
  2.99313404e-02 -1.83338709e-02 -5.38842240e-03  5.63526787e-02
 -6.13379814e-02 -2.75298837e-03  1.74125582e-02 -1.11139221e-02
 -1.20714635e-01 -6.64311170e-04  1.45856151e-02 -4.15701568e-02
 -5.68746142e-02 -2.14913413e-02  2.88022067e-02  7.04424083e-02
 -1.91993415e-02 -1.06047109e-01 -1.18652940e-01  6.08373370e-35
 -4.71337978e-03 -5.07537415e-03  7.32115284e-02  5.82766160e-03
 -8.22323840e-03 -4.81985435e-02  1.87767074e-02  6.89989254e-02
  7.26811513e-02 -6.61497042e-02  2.40486581e-03 -9.73366946e-02
 -9.22964662e-02 -5.16808219e-02  1.32291228e-01  5.06033823e-02
  1.11497939e-02 -3.32886726e-02 -1.21381488e-02  1.92740168e-02
 -3.89897823e-02 -8.29330385e-02 -4.00517397e-02 -3.96274365e-02
  2.53512319e-02 -8.03753808e-02  7.40389824e-02  5.29834721e-03
 -9.50794592e-02 -3.16629522e-02 -2.48759706e-02  3.64771448e-02
 -1.29351780e-01 -7.42250159e-02  6.59391750e-04  2.77239420e-02
 -5.48047833e-02 -2.93428395e-02  5.58203384e-02 -5.52932546e-03
  3.94832715e-02 -3.93503085e-02  2.10891515e-02 -1.94867104e-02
 -2.46904343e-02 -1.73262283e-02 -8.73046815e-02  4.73298058e-02
  4.38139699e-02 -9.26106761e-04 -5.57861179e-02 -3.22095938e-02
 -4.87389266e-02  1.36694871e-02  5.96870147e-02 -6.62144832e-03
  5.43676969e-03  5.03698811e-02  3.04727051e-02 -1.79438759e-03
  2.91888509e-02 -7.65596656e-03  7.73294130e-03  2.45229993e-02
 -6.79073436e-03  1.99524034e-02 -3.01528703e-02 -3.02157234e-02
  5.23693860e-02 -4.21997793e-02  2.38487180e-02 -6.52558357e-02
 -2.19408460e-02  3.60103548e-02 -6.95768371e-02  8.54775906e-02
 -4.64867018e-02 -6.18976355e-02 -2.95459833e-02  3.71786475e-04
  1.39891570e-02  7.36866845e-03 -3.40174660e-02 -8.87343846e-03
  1.58358878e-03 -1.92898549e-02  4.01005261e-02  3.07452139e-02
  1.76091827e-02 -2.86176857e-02  5.04318327e-02 -4.62256894e-02
  7.61363432e-02 -8.56565461e-02 -5.19092269e-02 -2.44237253e-08
 -1.12486351e-02  6.14264235e-03  3.16287167e-02 -8.90555754e-02
  3.86479497e-02  4.30842862e-02  3.82592492e-02 -6.02332093e-02
 -8.43463466e-03  1.07079327e-01 -1.06138876e-02  2.77216616e-03
 -2.57523339e-02 -8.78713503e-02  7.32616261e-02 -5.89652248e-02
  1.14992224e-01  1.23352669e-02 -9.94897913e-03  4.85162064e-02
 -6.20281957e-02  7.59342266e-03  3.24040353e-02 -8.85702446e-02
 -2.70311767e-03 -2.46934276e-02  8.09094980e-02 -1.94635689e-02
  5.86686693e-02 -8.43004696e-03 -1.66235939e-02  7.62612298e-02
 -3.38422954e-02 -1.49684297e-02  5.28291846e-03  6.84555024e-02
  4.87585105e-02 -6.76158722e-03  1.38943894e-02  5.87211885e-02
 -2.22029779e-02 -3.28445919e-02  2.71914992e-02 -1.14890998e-02
  5.41993938e-02  8.32250416e-02  6.27092868e-02 -6.21873736e-02
  6.52908385e-02  2.89871674e-02 -6.17069229e-02  6.05384521e-02
  3.73974890e-02  2.61999685e-02  1.13315973e-02  3.04443222e-02
 -2.66726427e-02 -5.82328625e-02  3.52096111e-02 -9.03210118e-02
 -3.63562703e-02 -5.91342039e-02  6.44147694e-02  2.80705001e-03]",I have seldom heard him mention her under any other name.,"[0.6, 0.6, 0, 1]"
4,[-46.871014  29.104218],"[ 8.51830840e-02 -1.38720730e-04  5.89861302e-03  3.23090069e-02
 -5.20285871e-03 -7.44213862e-03  1.10033892e-01 -6.84699640e-02
  3.23059261e-02 -6.58118166e-03 -2.77015613e-03 -5.77984750e-02
 -4.65768389e-02 -4.81511131e-02  4.59136963e-02  2.73785871e-02
  2.37856880e-02 -2.10740063e-02 -4.52396721e-02  4.36949618e-02
  8.18580240e-02 -5.80665134e-02  4.01476845e-02 -4.95308898e-02
 -4.08230573e-02  4.53481488e-02  6.18015975e-02  3.94805893e-02
  3.93822677e-02  3.28884274e-03 -3.51395570e-02  3.56446975e-03
 -5.30024283e-02  8.98002461e-02 -9.94131267e-02  5.54288961e-02
  1.98928211e-02  2.91734915e-02  1.04271173e-01 -1.24329822e-02
 -3.96329015e-02 -5.64954877e-02 -4.15408723e-02  3.89688164e-02
 -5.36051914e-02  2.04166844e-02  4.98792641e-02  3.79452780e-02
  3.58126387e-02 -5.43561280e-02 -2.94861924e-02 -6.55983984e-02
 -4.61096726e-02 -9.21658333e-03 -1.81482490e-02  2.94388887e-02
  1.54521335e-02  3.58389914e-02  6.15512952e-02 -3.60087329e-03
  2.91474350e-02  8.30363333e-02 -3.30787376e-02  9.33532342e-02
 -3.67156938e-02 -2.80899182e-02 -1.65522359e-02  5.35246842e-02
 -4.80686463e-02  3.65060233e-02  3.37098278e-02  4.30976413e-02
 -6.24556541e-02  9.31731367e-04 -4.54343185e-02  5.99044189e-03
  5.17878644e-02 -2.35986393e-02  4.60358262e-02 -3.12129930e-02
  4.29474330e-03  4.49034907e-02  7.27867931e-02  3.91968898e-02
 -1.84182264e-03  1.53498119e-02  7.81207113e-03 -1.36052907e-01
 -9.77119952e-02  7.61495307e-02 -1.19696341e-01 -1.24884330e-01
 -7.38172457e-02 -7.14166760e-02 -6.34992942e-02 -2.39140764e-02
 -3.17978114e-02 -3.05585563e-02  1.69338461e-03  1.77871678e-02
  1.38133112e-02  7.93576390e-02  2.48054937e-02  4.24253494e-02
 -1.49378479e-02 -4.64421399e-02  2.03138012e-02  1.98222846e-02
 -6.41909465e-02  4.14073281e-03  3.89004052e-02 -1.30287394e-01
  6.84772618e-03 -3.93709131e-02  2.18681078e-02  3.70803894e-03
  2.76474785e-02  2.47935839e-02 -1.73614621e-02 -2.11953092e-02
 -1.60236973e-02  4.83957976e-02  1.07061230e-02  6.16560541e-02
 -7.04448437e-03 -1.28977254e-01 -2.54712366e-02 -2.13409475e-33
  5.98078780e-02 -3.77721414e-02  5.43884262e-02 -1.81689933e-02
 -3.75097780e-03  6.41089007e-02  9.56827849e-02 -2.36870106e-02
 -2.77328002e-03  5.08191809e-02 -4.87118103e-02 -5.45266010e-02
 -5.47857806e-02  7.26256296e-02  2.75004050e-03  4.65498194e-02
  1.21946586e-02  7.26724938e-02 -4.90324050e-02  5.24648316e-02
 -7.04378560e-02  9.91944298e-02 -2.56454591e-02 -8.50223899e-02
  2.98228557e-03 -2.12983601e-02  6.48750663e-02 -2.86461674e-02
 -1.09571688e-01  1.95253231e-02 -1.15954261e-02  6.99590817e-02
 -2.99640615e-02  1.66434906e-02  6.49344223e-03  6.64396361e-02
 -1.20312730e-02  2.49426737e-02 -2.41886377e-02  6.57652467e-02
 -2.47207675e-02 -3.07649802e-02 -6.41522557e-02  3.61890619e-04
 -1.39077514e-01 -2.32565962e-03 -4.12855558e-02  7.84591809e-02
  3.75153944e-02  1.72037389e-02  3.80115174e-02 -1.40059283e-02
  4.27219458e-02 -3.96670587e-02 -8.55390169e-03  1.29846543e-01
  7.52514973e-02 -4.80246954e-02  3.77625488e-02  1.42423185e-02
  3.01426407e-02 -8.24565217e-02 -9.04252753e-02 -2.14637611e-02
 -2.66011455e-03 -1.76403020e-02  8.43615085e-03 -1.10350303e-01
 -8.74685347e-02  6.48756772e-02 -1.36537671e-01  7.89040420e-03
  3.20814140e-02  3.51541527e-02 -5.41707985e-02 -1.48736760e-02
 -2.15414204e-02 -5.51077910e-02  8.66002291e-02 -1.62487123e-02
 -3.04306466e-02  7.58109428e-03  4.81270589e-02 -8.30758959e-02
 -7.82179385e-02  1.86537877e-02 -5.59044257e-03 -2.18644254e-02
  1.21318251e-02  2.68840487e-03  6.35497943e-02 -1.99236218e-02
  1.14247734e-02 -9.84324142e-02  1.20242340e-02 -1.27382050e-33
 -1.96928512e-02 -5.62418401e-02  2.58428194e-02  3.19297425e-02
 -3.28451097e-02  1.68925077e-02 -9.78797954e-03  1.79074183e-02
 -4.58228029e-03  4.92856558e-03  4.16674418e-04 -6.76868707e-02
 -4.67101298e-02  1.84218958e-02  3.20417285e-02 -1.71439331e-02
  6.08278625e-02  2.19965689e-02  2.80297790e-02  5.81260286e-02
 -2.23007798e-02  5.44033349e-02  1.25134736e-01 -1.41786309e-02
  2.07919478e-02 -8.55160877e-03  5.70999980e-02  5.61666256e-03
 -2.61136610e-02 -1.15641160e-02  4.29599583e-02 -8.43050927e-02
 -6.89736456e-02  8.93604942e-03 -2.26921607e-02  3.20273489e-02
 -8.43899325e-02 -4.61562537e-02  8.51788372e-02 -5.15724346e-03
  2.47326512e-02 -6.38485476e-02  3.27659175e-02  6.77078962e-02
  1.65336598e-02  8.43921900e-02  7.14031467e-03  1.31847307e-01
  4.57248501e-02  7.76465330e-03 -1.23598002e-01 -3.68503146e-02
  3.81394239e-05  1.09789111e-02 -3.42728235e-02 -7.85058811e-02
  9.24122706e-03  1.01007428e-02  2.69224942e-02  1.25125973e-02
  8.55538845e-02 -1.52995689e-02 -1.47874523e-02  6.40705153e-02
 -4.64675836e-02 -3.83246993e-03  8.09925701e-03 -3.25767249e-02
  3.48064713e-02  1.08102383e-02  2.77763810e-02 -4.41505983e-02
 -9.70620066e-02 -7.20569305e-03  7.95520749e-03 -7.17176078e-03
 -4.51610889e-03 -6.66983649e-02  1.60142370e-02 -8.41606855e-02
  1.01208715e-02 -9.07813162e-02  5.32274246e-02  1.85955875e-02
 -6.38160184e-02  1.78361443e-04 -2.12316178e-02 -6.28926307e-02
  6.63862377e-02 -2.32424438e-02  2.18386520e-02 -1.71077177e-02
 -9.89486501e-02 -8.04534703e-02  2.70236917e-02 -2.13851514e-08
 -4.66293991e-02 -4.49865013e-02 -1.02768065e-02 -1.06310800e-01
 -5.18846232e-03  2.35433802e-02  7.65284821e-02  3.24909575e-02
 -3.91513482e-02 -1.45027507e-02 -1.31013365e-02  3.38655710e-02
  1.28456866e-02 -1.39258429e-02  5.37524149e-02  2.65211482e-02
 -9.72079765e-03  3.65472808e-02 -4.72212881e-02  3.23649943e-02
  4.39509638e-02 -7.96273872e-02  3.92389484e-02 -1.10051939e-02
 -6.78178761e-03  1.12570934e-02 -1.02438824e-02  7.76800886e-02
  2.04873774e-02  5.45088723e-02  8.92388150e-02  2.60800291e-02
 -2.62694750e-02 -2.74563823e-02 -3.83511260e-02  1.62419882e-02
  5.96476123e-02  7.83899724e-02  7.26488382e-02 -5.04629835e-02
  1.05185760e-02  2.88971886e-03 -1.06185423e-02  1.76050048e-02
 -4.87538613e-02  5.25171310e-03  1.26209646e-01 -6.84929965e-03
 -4.28303005e-03  7.78303072e-02 -3.67893092e-02  3.27169783e-02
  5.91368228e-02 -4.91132494e-03 -5.99575154e-02 -1.12931639e-01
 -1.82211958e-02 -5.58088161e-03 -4.96589616e-02  4.98117022e-02
 -1.17465993e-02  5.44352196e-02  1.26738012e-01 -6.70127943e-02]",In his eyes she eclipses and predominates the whole of her sex.,"[0.6, 0.6, 0, 1]"
5,[ -9.858936 -13.027585],"[ 1.72059773e-03  3.70687880e-02 -1.04142076e-04  3.13745961e-02
  3.00145224e-02 -5.83552406e-04  2.02406328e-02  5.56379072e-02
  1.63492467e-02 -9.15115178e-02  8.54498520e-03  2.00831983e-03
  3.40071544e-02  3.17243556e-03 -3.06370314e-02  3.64118349e-03
 -3.68140191e-02 -5.37946783e-02  1.15174148e-02  1.44398123e-01
 -1.75817555e-03  6.86244294e-02  1.58138983e-02 -9.86872986e-02
  5.93560152e-02  9.69372392e-02  6.36412725e-02  4.10975143e-03
  2.88859680e-02  6.19554482e-02  5.14757857e-02  2.58368887e-02
  3.39193344e-02  5.59486859e-02  5.80947893e-03 -3.67078297e-02
 -9.03000310e-03  1.07885107e-01  4.14713398e-02  1.24964993e-02
 -5.75423278e-02 -2.77051097e-03 -4.52939942e-02  1.87725108e-02
 -7.45460242e-02 -6.11596517e-02  2.53232904e-02 -1.59742255e-02
  1.88321695e-02 -3.65188494e-02 -5.37739135e-02  6.30998537e-02
 -1.05111301e-01 -6.91126939e-03 -8.18506163e-03 -2.22041029e-02
  5.10813333e-02 -9.67787346e-04 -5.33685572e-02  1.69553068e-02
 -1.30710676e-02  2.98924558e-02  4.05171290e-02 -9.02402308e-03
  8.67377501e-03  7.12615857e-03 -7.00638369e-02 -1.59621574e-02
 -3.19271684e-02  4.12180042e-03 -1.22656655e-02 -4.51328680e-02
  1.03686303e-02 -5.32069318e-02 -7.66721666e-02 -7.00636720e-03
  6.53742552e-02  1.29626552e-02  1.59354452e-02  1.49054993e-02
 -6.93016872e-02 -2.29635276e-02 -1.13425486e-01  3.80227380e-02
 -2.83150747e-02 -5.20979799e-02 -1.93858147e-02 -6.08022287e-02
 -6.72715753e-02  1.67953432e-01 -4.67943810e-02 -5.03269695e-02
 -9.27123800e-02 -4.16249037e-02 -4.36025718e-03 -2.30169185e-02
 -6.73072785e-02  7.16012046e-02 -9.29810479e-02  2.00841855e-02
  2.79843528e-02  9.33936313e-02 -6.86570257e-02 -1.96425733e-03
 -4.94225845e-02  1.42086437e-02  1.60046704e-02 -4.05705795e-02
 -4.11089286e-02 -2.06348449e-02 -7.67503679e-02 -9.32674482e-02
  1.76218972e-02 -8.02623034e-02  7.14845732e-02 -4.14064936e-02
  3.87903936e-02 -4.28015366e-03 -1.29074752e-02  3.49644967e-03
  7.24863783e-02  1.73636544e-02 -2.33649649e-02  3.64745073e-02
 -8.17048177e-02 -6.79947957e-02 -9.38418042e-03 -2.47566402e-33
 -4.50421125e-02 -4.20178883e-02 -2.87670549e-02 -7.58012980e-02
 -3.71878110e-02  3.53151970e-02  2.00848971e-02  2.56406795e-02
  8.42803866e-02  7.29861706e-02 -2.22957339e-02  4.18039523e-02
 -4.99714306e-03 -8.23484436e-02 -7.30027035e-02  1.22975513e-01
 -6.36381283e-02 -1.20052556e-02  3.29910330e-02  2.38126107e-02
 -3.55075188e-02  2.96084620e-02 -5.08307517e-02  4.42831106e-02
 -4.12797593e-02 -5.13419509e-03  4.34739739e-02  1.50974263e-02
  8.69351625e-03 -2.73947306e-02 -9.85494778e-02  8.56238976e-02
  7.51070157e-02 -9.18833446e-03  1.01574190e-01  5.33263907e-02
  1.09390840e-02 -1.86221041e-02  5.46407141e-02 -7.63602438e-04
 -1.76953711e-02  7.25997835e-02  5.59841581e-02 -6.42023934e-03
 -1.40727293e-02  7.65795708e-02 -4.96631749e-02  1.63080171e-02
  1.02318237e-02 -2.89056245e-02  4.46595289e-02 -1.20258313e-02
  9.99429524e-02  6.45633936e-02  3.80607694e-02  9.30515453e-02
  1.33990394e-02  1.33284435e-01  5.05963936e-02 -1.92423873e-02
 -9.83200669e-02  2.22555595e-04  1.37284696e-02 -5.50293438e-02
 -1.13762058e-02 -4.13867226e-03 -1.96600687e-02 -1.13359625e-02
 -1.25990421e-01  8.05275366e-02 -2.13474389e-02  7.08070621e-02
 -8.05528648e-03 -9.14837494e-02 -8.49578604e-02 -9.78167653e-02
 -3.27766202e-02 -2.56612841e-02  6.58007637e-02 -4.88735214e-02
 -8.04561004e-02 -1.77253168e-02  9.72391739e-02 -9.81869176e-03
  1.90343410e-02 -3.36567536e-02  2.53677741e-02  4.08194959e-02
 -1.00494511e-01  5.46177179e-02  6.44758865e-02 -1.84008498e-02
  1.35531798e-02 -5.92949353e-02 -6.44355789e-02 -9.57837429e-34
 -3.08745615e-02 -3.75628248e-02 -5.09906597e-02 -2.13234704e-02
 -1.11525913e-03  1.17718466e-02 -4.35578525e-02  1.78123768e-02
  1.79326069e-02 -1.43210003e-02  6.68431073e-02 -5.63798957e-02
  2.20323298e-02  4.33177501e-03 -1.84799917e-02  2.48414348e-03
  7.06774229e-03  1.45061119e-02 -1.32103134e-02  6.46071211e-02
 -1.54967494e-02  1.46452129e-01 -7.03230733e-03  4.72162068e-02
 -5.62593788e-02 -1.69574060e-02  1.19508486e-02  2.49811425e-03
 -7.37971589e-02  2.04607621e-02  3.48534547e-02  4.56521697e-02
 -8.95976797e-02 -5.51189221e-02  4.86822193e-03  9.53727812e-02
  3.37283835e-02  3.61465439e-02 -5.32882474e-02 -6.62625879e-02
  4.44218889e-02 -2.20657550e-02  2.15122402e-02  4.96495813e-02
 -1.95145141e-02  1.14924181e-02 -6.64941967e-02  2.23230035e-03
  4.49692979e-02 -2.67206482e-03 -1.03198491e-01  4.08242643e-02
 -6.28680885e-02  5.33550903e-02 -5.04411347e-02 -4.94281091e-02
  2.90784035e-02 -1.81076471e-02  3.43788564e-02 -5.32237738e-02
 -1.61476713e-02 -4.84714955e-02 -5.36931632e-03 -4.82834093e-02
  3.35445604e-03  5.10366959e-03  5.15961759e-02  5.34009710e-02
 -3.98249999e-02 -5.51319961e-03  5.09527959e-02  7.41552285e-05
  3.19900475e-02  1.00237235e-01  5.22159971e-02  1.54927569e-02
 -6.42983317e-02 -2.55233678e-03 -1.76097844e-02 -4.77260947e-02
 -1.97291616e-02  6.56263977e-02 -2.50130370e-02  4.50426675e-02
 -8.19746330e-02  8.51764083e-02 -4.94925380e-02 -4.62774783e-02
 -1.06316775e-01  4.80602235e-02  1.21796597e-02  3.98907205e-03
  7.64751285e-02  2.91107520e-02  1.66715253e-02 -2.24125252e-08
 -4.40696031e-02 -1.10219046e-02  2.39554495e-02 -9.64124128e-02
  1.34139899e-02  3.39544937e-02  2.47194935e-02 -4.21103574e-02
 -5.31509146e-03  8.65885541e-02 -8.77483282e-04  3.71311791e-02
 -4.83962288e-03  9.67099741e-02 -1.50337431e-03 -2.91730575e-02
  4.83028404e-02 -1.02428727e-01  1.91037431e-02  1.49198342e-02
 -2.20246206e-04  1.72651224e-02 -6.48819283e-02 -1.06314449e-02
  3.91055532e-02  6.62326738e-02 -1.19660525e-02 -1.20428942e-01
 -3.10473591e-02 -1.90877747e-02  6.09450042e-02 -2.67439988e-02
 -3.09216062e-04 -4.00715210e-02 -3.50986123e-02  3.69222350e-02
  9.05710310e-02 -3.60788554e-02 -3.82654406e-02 -6.30340055e-02
  2.54187081e-02  3.57666835e-02 -1.25046344e-02 -5.63575067e-02
  4.67513241e-02 -7.79144280e-03  8.57590213e-02 -8.55129398e-03
  6.60641193e-02  5.55354059e-02  6.89160228e-02  5.83896004e-02
 -6.96226954e-02 -6.24961816e-02  6.94579855e-02 -5.07811904e-02
 -1.70452688e-02  4.77938652e-02 -3.32631543e-02 -4.69337814e-02
  5.88104986e-02 -3.82188261e-02 -2.63594203e-02  1.24682784e-02]",It was not that he felt any emotion akin to love for Irene Adler.,"[0.6, 0.6, 0, 1]"
6,[-18.709402 -30.275993],"[-2.79472815e-03  5.98696694e-02  1.85015965e-02  6.36382625e-02
  6.33573905e-03  2.18940619e-02  5.40690981e-02  1.80104710e-02
  1.17678214e-02 -4.60400954e-02 -8.03839974e-03 -4.14767303e-02
  3.97950038e-02 -2.11898275e-02  2.88535729e-02 -1.21540728e-03
 -4.52716574e-02 -1.23585376e-03 -8.72482173e-03  5.31698391e-02
 -7.44786812e-03  8.35332572e-02 -2.90702097e-02 -4.25650962e-02
 -6.03500307e-02  5.48765920e-02  1.59452595e-02 -3.57481316e-02
  4.07083146e-02  3.47946770e-02  1.00294510e-02  1.09787751e-03
  1.32572968e-02  4.71221209e-02 -2.82554701e-02  3.70006338e-02
 -4.10842597e-02  9.93341282e-02 -1.38901593e-02 -5.39402440e-02
 -7.64752878e-03  7.55071342e-02  7.33812712e-03 -1.11537043e-03
 -1.58797707e-02 -6.01390488e-02 -6.95429742e-02 -1.69160701e-02
  1.82166640e-02 -7.20104724e-02 -7.75908902e-02  3.43530178e-02
 -8.82094800e-02 -2.59429147e-03 -2.31488794e-02 -3.38936830e-03
  8.99216626e-03  1.42291971e-02 -2.88600810e-02 -9.25599318e-03
 -2.72987615e-02  1.02965022e-03 -1.90504221e-03 -1.30369999e-02
  8.96437615e-02 -6.32007467e-03 -7.24462967e-04 -2.42008436e-02
 -5.98270521e-02  1.27201021e-01  1.15348864e-02 -3.86288464e-02
  5.27649466e-03 -7.25479349e-02 -6.09557703e-03 -2.28832923e-02
 -6.87355455e-03 -9.84185115e-02  3.02135069e-02  4.98364456e-02
 -2.13294998e-02  6.09968342e-02 -1.02152266e-02  1.84368459e-04
 -5.17569622e-03 -1.14660718e-01  5.63581064e-02 -8.31967965e-02
 -2.96738055e-02  8.57452303e-02 -6.22264808e-03 -1.20940901e-01
 -1.61747541e-02  1.83750968e-02  3.33096879e-03  4.32122834e-02
 -7.90259168e-02  6.55963868e-02 -1.22031331e-01 -4.07012703e-04
  5.37364818e-02  1.85299478e-02 -9.59851667e-02  8.61045867e-02
  1.23921107e-03 -5.24724796e-02  2.03488916e-02 -1.20606408e-01
 -7.21333399e-02 -7.03718066e-02 -1.32374793e-01 -8.04936588e-02
  1.03378175e-02 -5.45716248e-02  6.16837740e-02  5.12420200e-02
 -4.02193516e-02 -2.11203396e-02 -1.41954338e-02  3.88208106e-02
  2.94430796e-02  7.33359754e-02  7.82968942e-03  9.46729779e-02
  6.70698332e-03 -4.51169834e-02 -1.96583346e-02 -1.58599571e-33
  7.35594407e-02 -5.30008860e-02  3.06650698e-02 -1.19866692e-02
  4.31176759e-02  2.92428266e-02 -2.17430927e-02 -1.15180193e-02
  6.81723207e-02  5.59296347e-02 -2.32278872e-02  7.94012919e-02
  9.53521393e-03  3.47485878e-02 -9.43799764e-02  1.83794182e-02
 -1.36029169e-01  3.61300493e-03  9.45920199e-02 -1.57325878e-03
 -7.25507513e-02  9.48040783e-02 -5.35637280e-03  2.77638156e-03
 -6.23776279e-02 -1.19010033e-02  5.13160229e-02  6.57906085e-02
 -2.10342575e-02  1.58128645e-02 -8.47140700e-02  5.86571768e-02
 -3.06074712e-02  4.71517742e-02  3.65628600e-02  1.59791228e-03
 -7.87914693e-02  1.13399001e-02  4.97078560e-02  3.49202976e-02
  5.64927235e-02  5.68419881e-02  9.12595633e-03 -4.24438231e-02
  5.52044809e-02  4.83852923e-02 -8.45099986e-02  7.77070504e-03
 -4.39930484e-02  5.19528389e-02  3.68852653e-02  3.99983414e-02
  8.39090571e-02 -2.02921368e-02 -9.04193055e-03  4.23833542e-02
  3.45942527e-02  1.17552757e-01 -6.52689207e-03 -2.70237699e-02
 -5.41392490e-02 -2.45412551e-02  2.77661551e-02 -1.27333954e-01
 -6.46258472e-03  1.13189267e-02 -9.15313959e-02 -6.10160418e-02
 -1.31325111e-01 -3.31990910e-03 -3.40739149e-03  1.00083556e-02
  2.40368024e-02 -4.98485863e-02 -8.43735635e-02 -5.32845929e-02
  2.11767945e-02  7.81782344e-03 -7.05477595e-02 -4.41056453e-02
 -7.75536597e-02 -2.36793864e-03  4.72833291e-02  4.64505590e-02
 -5.57765327e-02 -1.58944819e-02  2.45732777e-02 -5.78362048e-02
 -5.29696308e-02  9.91312340e-02  2.22780760e-02 -2.20436696e-03
  6.31125569e-02 -7.42643028e-02 -1.07675672e-01 -1.06372054e-33
 -1.96284670e-02 -7.17244074e-02 -1.79829225e-02  8.34553838e-02
 -1.66912545e-02  2.39556860e-02 -7.33316839e-02  2.57659014e-02
  2.70407014e-02  5.89445606e-02  6.88606575e-02  5.33463806e-03
  3.18892151e-02 -2.20090877e-02 -1.91396233e-02 -1.20933289e-02
  3.96153191e-03  7.02757388e-02 -7.83865154e-03  3.29673514e-02
  1.42839914e-02  7.11484849e-02 -1.14250081e-02 -8.27922393e-03
 -2.43106317e-02  4.30971906e-02  5.92100024e-02 -4.78747003e-02
 -3.02159004e-02 -5.16674779e-02  4.12048511e-02  4.18648422e-02
 -6.39660954e-02  3.21892500e-02  3.69856767e-02  5.43814972e-02
 -3.61352600e-02  2.39485987e-02 -2.72387955e-02 -1.86734814e-02
  1.24638649e-02 -4.94717918e-02  1.33092422e-02  5.71859404e-02
  6.58347905e-02 -3.58968526e-02 -3.16126905e-02 -5.31480871e-02
 -1.43974572e-02  3.58208753e-02 -1.39532015e-01  3.64610888e-02
 -6.15666136e-02  2.16582883e-02 -1.58541501e-02 -6.44076094e-02
 -1.32926749e-02 -5.91270849e-02  3.91198136e-02 -1.57373771e-02
 -5.09845763e-02 -8.48582089e-02  7.50927115e-03 -4.03129570e-02
  7.95046892e-03  7.64483437e-02  1.72915608e-02  2.75782552e-02
 -5.76002412e-02  1.60943326e-02  1.28588350e-02  5.01949787e-02
 -4.21673954e-02 -1.18755298e-02  3.70470099e-02  3.00714262e-02
 -2.70784125e-02  3.57118621e-03  1.68251283e-02 -6.72241375e-02
 -5.07455841e-02 -1.43286819e-03 -1.52358431e-02  3.71019989e-02
 -6.87134862e-02  3.25698182e-02  9.99040902e-03 -1.69542134e-02
 -1.02973403e-02  8.55245977e-04  4.58531315e-03 -2.76390817e-02
  4.40663733e-02 -1.79263819e-02  3.90996784e-02 -2.58679798e-08
 -3.06649189e-02 -4.74640401e-03 -1.05744069e-02  4.20738831e-02
  2.09286436e-02  2.30196249e-02  5.39122783e-02  8.86025745e-03
 -7.07974732e-02  1.72221839e-01  1.83136612e-02  1.16053633e-01
  9.76890232e-03  8.91498253e-02  2.97109019e-02 -3.90347689e-02
  1.43401902e-02 -6.07553087e-02  1.28196750e-03 -2.43020952e-02
  3.99426408e-02  1.68525148e-02  1.22443698e-02 -9.02820379e-02
  2.25575222e-03  1.14349071e-02 -3.22742537e-02 -8.00502598e-02
  2.40964871e-02  1.52846435e-02  1.42619433e-02 -1.36772059e-02
 -1.99532825e-02 -8.19859579e-02  5.22696972e-02 -2.58159731e-02
 -2.59203045e-03  1.81765971e-03  2.21070573e-02 -1.22878551e-02
  3.52894142e-02  7.62893334e-02 -1.62772425e-02  3.57472226e-02
  1.00665666e-01 -2.11355612e-02  3.75692477e-03  3.72416601e-02
  8.10042582e-03  1.12397425e-01  3.60412709e-02  1.33348733e-01
  1.78676657e-02  1.73039753e-02  2.25348026e-03 -4.16268669e-02
 -6.66859746e-02  2.98536755e-02 -1.12097338e-01 -1.15176067e-02
  1.03994094e-01  4.70262803e-02 -1.34499609e-01  6.79298071e-03]","All emotions, and that one particularly, were abhorrent to his cold, precise but admirably balanced mind.","[0.6, 0.6, 0, 1]"
7,[-14.867172 -29.52284 ],"[ 1.01972353e-02  6.02805018e-02 -1.77876782e-02  5.37487231e-02
 -7.38137588e-03 -4.52648066e-02  5.90422787e-02  8.55515152e-02
 -4.74595204e-02  3.81932706e-02 -2.73436960e-02  2.00447030e-02
  5.79901524e-02 -1.23545956e-02  1.57652292e-02 -1.93702932e-02
 -5.42184860e-02 -4.77264002e-02  2.11677607e-02  2.93106250e-02
 -6.08305149e-02  8.16467255e-02  1.65148061e-02 -7.26308078e-02
 -2.69804113e-02  1.05334437e-02  5.35353944e-02  3.92160304e-02
  3.34140733e-02  4.95201685e-02  1.49524733e-02  7.06143677e-03
  2.06563771e-02  6.47697365e-03 -4.75937612e-02 -6.80281175e-03
 -2.15833392e-02  3.66320238e-02  4.19496335e-02 -6.01501279e-02
  6.11792766e-02 -6.08104514e-04 -1.39661934e-02  2.51081144e-03
 -2.98097115e-02 -1.71311386e-02 -2.16976870e-02 -3.48209813e-02
 -7.89116174e-02 -1.92642882e-02 -1.09425619e-01  6.65871054e-02
  1.46471821e-02 -9.22422186e-02 -7.06674233e-02 -3.40666878e-03
  1.14233838e-02  2.19503958e-02  5.28262407e-02 -1.41593888e-02
  5.59296831e-02  4.83686067e-02 -1.90593097e-02  4.53529619e-02
  4.21414375e-02  6.73215687e-02 -5.73438443e-02 -4.67075221e-02
 -2.00824812e-02  1.06495664e-01  2.32792851e-02  1.53240981e-02
  2.85553057e-02 -4.42576855e-02 -8.06162134e-02 -1.41361803e-01
  4.02179845e-02  2.63123587e-02  5.19064181e-02  9.74603463e-03
  4.63702669e-03 -1.14517519e-02 -1.74139645e-02  6.26640096e-02
 -3.20147276e-02 -6.52960017e-02  1.10631846e-02 -7.61650205e-02
 -4.65112753e-05  4.11158912e-02  5.66109456e-03 -5.25473282e-02
 -4.62321192e-02  3.59646529e-02  1.52338836e-02  1.48965083e-02
 -2.44918186e-02  4.69273962e-02 -2.25955546e-02  9.15330835e-03
  5.46576530e-02  5.07732630e-02 -9.45336446e-02  2.98498422e-02
  1.42360944e-02  2.82657985e-02  3.30188568e-03  1.50216566e-02
 -7.56076165e-03 -4.07664012e-03 -3.49443890e-02 -7.99090043e-02
  3.91137153e-02 -3.13231908e-02  2.64009684e-02 -4.25908826e-02
 -8.67482449e-04  4.49043848e-02  2.03974079e-03 -3.85953696e-04
  2.37679072e-02  1.34609621e-02 -4.87174978e-03  6.96511641e-02
 -5.89175988e-03 -7.70412609e-02  5.31451218e-02 -4.46738804e-33
 -2.29483042e-02 -3.38856615e-02  4.41863313e-02 -5.59466034e-02
  8.69962107e-03  7.47383535e-02 -1.30678490e-02  9.60377418e-03
  5.21952584e-02 -4.31231186e-02  1.84061863e-02 -5.10707423e-02
 -1.02613665e-01  8.99091437e-02 -8.77194852e-02  1.29890129e-01
  2.89756935e-02 -1.96020417e-02 -1.82572864e-02 -6.75819144e-02
 -4.61237282e-02  2.37014238e-02  2.90847919e-03 -7.98880458e-02
 -7.41310418e-02  5.47863431e-02  2.02854201e-02  2.79029123e-02
  2.83888988e-02  7.69171864e-03 -4.21121083e-02 -3.18590254e-02
 -4.78361733e-02  8.66733417e-02  3.50506566e-02  1.40447095e-02
 -6.52902275e-02 -9.03277174e-02  1.66722443e-02  4.57853861e-02
  4.80455495e-02  1.36348614e-02 -1.24369040e-02 -3.18359472e-02
 -7.22035840e-02  3.23882676e-03 -1.40881985e-01  5.60345016e-02
 -1.41060520e-02  5.66103347e-02 -5.25285490e-02  1.87385846e-02
  8.66519734e-02 -8.69664028e-02  4.40289127e-03  3.48124132e-02
  3.93389687e-02  9.50189009e-02  2.02742387e-02  3.81530896e-02
 -5.41630061e-03  2.32303161e-02  5.98155968e-02  4.48317118e-02
 -9.07624140e-02 -8.07050616e-03 -3.66584733e-02 -2.56321840e-02
 -7.59758204e-02  6.47014752e-02 -5.18665276e-02  1.29772378e-02
 -3.85784246e-02 -2.56872531e-02 -2.85366760e-03 -8.65429789e-02
 -3.56353708e-02 -1.67451566e-04 -4.81696613e-02 -2.66289972e-02
  1.34664467e-02  5.39419316e-02 -2.01928504e-02 -3.25314030e-02
 -7.27689788e-02 -1.04603730e-02  1.50031538e-03  7.16447970e-03
 -3.50749097e-03  1.07558854e-02 -1.73237864e-02 -1.38502866e-02
  1.31944511e-02 -1.14623375e-01 -1.48079187e-01  1.12792430e-33
 -7.09233060e-02 -1.91592462e-02  9.83854458e-02  9.53497887e-02
 -4.30085957e-02 -3.93765345e-02 -2.87389196e-02 -2.75485720e-02
 -3.55395637e-02  4.35410254e-02  7.79846907e-02 -1.32710366e-02
  4.72239368e-02 -3.10070924e-02 -3.74329612e-02  4.93764542e-02
 -7.93959945e-02 -1.07636206e-01 -2.23117769e-02  8.08889791e-02
  7.26522505e-02  5.77236041e-02 -6.12107944e-03 -2.87882742e-02
 -2.68957242e-02 -1.87757323e-04  3.90722454e-02  5.28145768e-02
 -1.30359400e-02  1.94368400e-02  3.61543968e-02  5.90548664e-02
 -3.93676870e-02 -5.96769005e-02  7.65267387e-02  3.50040868e-02
  2.25050561e-03  6.23330288e-02  4.93810810e-02  1.25487577e-02
 -1.46488082e-02 -2.44518463e-02 -8.76114517e-02  3.29889953e-02
 -8.20323080e-03 -1.11332275e-02 -3.86065291e-03  5.52125387e-02
  4.82239164e-02  2.69151051e-02 -1.54641733e-01  7.04905242e-02
 -1.69424340e-02 -1.24303931e-02 -2.59220321e-02  5.07005211e-03
 -1.11635430e-02  2.02384479e-02  4.89478298e-02 -3.85692082e-02
 -9.41664279e-02 -6.04997836e-02  4.75000218e-02 -5.10337017e-02
  4.13944647e-02  7.14139715e-02 -9.84600000e-03  1.16441824e-01
 -5.43416366e-02 -7.34945983e-02 -2.98752282e-02 -3.32826353e-03
  5.16655063e-03  8.39975253e-02  8.68095383e-02  9.77683626e-03
 -4.73647937e-02 -5.80200441e-02  9.76086780e-03 -4.71014418e-02
 -2.03349385e-02 -5.19383214e-02  7.73564503e-02  6.34544939e-02
 -7.13719651e-02 -5.17821237e-02 -6.05200641e-02 -8.17464888e-02
  3.38182366e-03  1.32574532e-02  4.92693409e-02 -7.70950168e-02
  1.38378544e-02  2.28876751e-02 -3.78617942e-02 -3.13157216e-08
 -9.60913002e-02  2.42047533e-02 -1.42624555e-02  2.90848166e-02
  2.15191469e-02 -3.11676692e-02  6.40898198e-02 -6.84685037e-02
 -3.25936675e-02  6.01354279e-02 -4.99078482e-02 -2.49318150e-03
  1.65269822e-02  4.57350872e-02  4.38139029e-02 -4.34106737e-02
  4.28687735e-03 -5.22071831e-02 -7.35105807e-03  1.10916525e-01
  1.24122307e-01  4.71759252e-02 -4.25807573e-02 -2.72370800e-02
  4.72320616e-02  8.35374594e-02 -5.51963225e-02 -5.35327122e-02
  3.48053570e-03 -1.99029427e-02  6.73824772e-02 -6.21970324e-03
 -3.74293476e-02  2.67697242e-03 -5.25484886e-03  7.39797428e-02
 -3.54713462e-02  5.25022745e-02 -2.90259439e-02 -7.20794052e-02
  2.33320855e-02  9.69416201e-02 -2.73598488e-02  5.15380129e-02
  3.86465490e-02  5.57363555e-02  1.05309561e-02  1.15995808e-02
  1.78068690e-02  5.46145104e-02 -2.73123141e-02  8.30851346e-02
  6.83786795e-02 -2.51553822e-02  2.53247451e-02 -1.20456629e-01
 -2.36253161e-02 -5.62002417e-03 -1.56006694e-01  1.76662710e-02
  9.10681188e-02  2.60360595e-02 -1.82898715e-02 -8.12807828e-02]","He was, I take it, the most perfect reasoning and observing machine that the world has seen, but as a lover he would have placed himself in a false position.","[0.6, 0.6, 0, 1]"
8,[-21.412952 -30.133146],"[ 1.00295581e-01  7.77264638e-03  4.63091908e-03  4.66877073e-02
 -7.82472566e-02  1.11719910e-02 -8.49601056e-04 -1.59508865e-02
 -2.41251420e-02 -1.49038220e-02 -7.12111518e-02 -1.39624178e-02
  4.53979522e-02 -2.92810202e-02  2.41661463e-02  2.78211124e-02
  1.80700757e-02 -1.62876339e-03  1.59823634e-02  5.75053208e-02
 -1.62499752e-02  1.20728485e-01  4.98650558e-02 -3.07889488e-02
  6.12599552e-02 -6.12383001e-02  4.26991582e-02 -7.02657644e-03
  5.23767062e-02  1.80356391e-02  9.73056108e-02  2.44807377e-02
  6.00539111e-02  4.19753715e-02 -1.13752135e-03  4.05559056e-02
 -3.81757244e-02  1.02061644e-01  4.91965525e-02  8.61961581e-03
 -4.52967249e-02  1.26458127e-02 -7.61668608e-02  2.11727489e-02
  5.21896631e-02 -6.73754290e-02 -1.98339112e-02 -8.27753246e-02
 -6.20623119e-02 -4.23955359e-02 -6.09196424e-02 -1.15796141e-01
 -7.56490976e-02 -1.50851058e-02 -1.62086189e-02  8.14217106e-02
  2.84251496e-02  4.90880795e-02  2.91415546e-02  5.39802462e-02
 -1.65713876e-02  6.62789866e-03  4.30861302e-02 -7.94120878e-03
 -2.01649778e-02  5.31519726e-02  1.13650262e-02  1.47579797e-02
 -8.20340440e-02  1.00640275e-01 -2.99861040e-02 -2.35452093e-02
  8.67684186e-03 -7.93606266e-02 -9.11437050e-02 -7.17536062e-02
  1.67711619e-02  8.26554373e-03  1.00226760e-01  2.52447575e-02
 -9.91223454e-02 -5.08335903e-02 -5.29189892e-02 -8.40061903e-03
 -6.68258443e-02 -3.68893263e-03  6.17002398e-02 -1.22142851e-01
 -3.55263837e-02 -1.05085196e-02 -7.00274706e-02 -2.06378847e-02
 -1.30876983e-02  2.44141854e-02 -5.80902845e-02  8.30288883e-03
 -5.38052358e-02  1.07832707e-01 -7.32414052e-02 -4.56920738e-04
  5.40808290e-02  7.22920056e-03  2.32661776e-02  2.86703221e-02
 -1.24431998e-02  3.48319933e-02  3.00480635e-03  1.57632586e-02
 -1.97494496e-02  2.84336861e-02 -1.33252606e-01  1.01055950e-02
 -3.28563787e-02  3.14150304e-02  1.33426338e-02 -5.74303120e-02
 -1.10490276e-02  1.84774306e-02 -7.65706692e-03  7.93597102e-02
  6.33881837e-02  2.53954045e-02 -2.96749305e-02  1.01397537e-01
 -1.06252439e-01 -5.85098788e-02 -7.73201973e-05 -4.31729284e-33
  5.14119938e-02 -2.20329016e-02  2.10347163e-04 -1.62892579e-03
 -4.76824120e-02  7.54903182e-02  1.35898897e-02 -6.08904026e-02
  1.07096329e-01  6.40541911e-02  8.07089359e-03  3.50006409e-02
 -2.87290886e-02 -1.15631439e-03  2.90514044e-02  9.11185071e-02
 -5.03005870e-02 -5.44574372e-02  8.86302739e-02 -2.80054156e-02
 -1.01927400e-01  1.08727075e-01 -5.85157350e-02  4.00721654e-02
 -3.59272137e-02 -6.20911308e-02  1.07991546e-01 -6.81969076e-02
 -1.10087454e-01  3.68605517e-02 -1.14985131e-01  1.02618858e-02
  1.05615325e-01 -3.87238595e-03  6.55003861e-02 -1.26709687e-02
 -5.28677590e-02 -4.87478403e-03 -8.41033012e-02  3.61502096e-02
 -2.50963541e-03  6.33322746e-02 -3.56432889e-03 -4.61448170e-02
 -1.38221961e-02 -1.96760837e-02 -2.53606755e-02  6.38651475e-02
  5.58150373e-03  2.50870734e-02  1.16721630e-01  2.45219283e-02
  7.89589956e-02  5.32854199e-02 -4.05681990e-02  4.30919752e-02
  4.62326966e-02  2.49520019e-02 -4.96044755e-02  3.67273251e-03
 -3.46445502e-03 -4.08086479e-02  8.55574906e-02 -2.37728786e-02
 -5.39667048e-02  6.24055564e-02 -8.34110528e-02  3.39132249e-02
 -1.16970897e-01 -3.70890088e-02 -2.31435765e-02  7.66949877e-02
 -1.41977323e-02 -9.06115696e-02 -5.44908606e-02 -1.19599834e-01
  8.39198567e-03  3.61638423e-03  6.31843414e-03  9.58733540e-03
  1.20616909e-02  8.83058086e-03 -4.20534015e-02 -9.33643058e-03
 -2.05785073e-02 -3.12336944e-02  8.32433179e-02  4.74523120e-02
  4.07559648e-02  4.91711311e-02  7.94460252e-02 -4.92787510e-02
 -1.29414666e-02 -7.58793801e-02 -8.05438310e-03  1.96737916e-33
  1.92063896e-03 -3.16817909e-02  6.12487271e-03  1.26289710e-01
  1.69036705e-02  4.06200737e-02 -4.68090586e-02  1.65351182e-02
 -6.10114168e-03 -6.16305284e-02  8.10155347e-02  5.92034496e-03
  2.14403179e-02 -5.10620326e-02  8.74017030e-02  1.85037591e-02
  3.34904939e-02 -3.42104919e-02 -3.31524387e-02  7.69216493e-02
  8.81143957e-02  3.18470076e-02 -5.98382540e-02 -9.46862344e-03
 -7.20952898e-02  1.65140070e-02 -6.52359724e-02  7.81542715e-03
 -3.34368348e-02  9.26080451e-04  5.60911410e-02 -5.34083322e-03
 -6.22709170e-02 -1.02320373e-01  2.51614135e-02  3.03926710e-02
 -8.45738035e-03  4.27399613e-02 -4.55369353e-02 -3.86951827e-02
  3.28778662e-02 -1.99878830e-02  2.23438721e-02  3.27926092e-02
 -1.05112363e-02 -1.66638661e-02 -3.28062964e-03  3.45372711e-03
 -9.97272972e-03  7.16482773e-02 -3.70173827e-02  1.85031239e-02
 -4.61703502e-02 -6.61733095e-03  2.68732663e-02 -5.16993180e-02
  2.81344429e-02 -6.21943618e-04 -8.67327377e-02 -1.76507421e-02
 -4.19913828e-02 -2.34629195e-02 -8.10414087e-03  1.46235935e-02
  3.37212272e-02  9.44559276e-02  6.37547439e-03 -1.76241770e-02
  1.76046994e-02 -5.89896217e-02  3.44137512e-02  3.57820722e-03
  8.50553438e-03  1.51426196e-02  3.11867218e-03  4.64139841e-02
 -8.65023285e-02 -6.30759597e-02 -5.67078181e-02 -5.90937585e-02
 -1.02242604e-02  9.58175026e-03 -4.61386442e-02 -1.17285829e-02
 -7.33800000e-03  7.19913766e-02 -8.25502500e-02 -1.28924996e-02
  1.56207690e-02 -4.82903561e-03  4.43560779e-02 -7.63982981e-02
  4.03968468e-02 -5.58877699e-02  1.95144806e-02 -2.23070540e-08
 -1.10128850e-01  4.73537855e-02 -9.22633410e-02 -1.06449751e-02
  5.21092862e-03  2.00493205e-02 -3.91801335e-02 -5.14575131e-02
  1.86068602e-02  6.70961961e-02  3.18147093e-02  6.68213218e-02
 -5.20141684e-02  3.32081392e-02  8.69078375e-03 -3.23798135e-03
  8.69529545e-02 -8.54009092e-02 -1.49453543e-02 -3.47647779e-02
 -6.59388229e-02  4.00752993e-03 -2.67291311e-02 -1.68806929e-02
 -3.86448801e-02  1.34856123e-02 -2.06353031e-02 -1.13813626e-02
  1.04830697e-01  8.37456211e-02  7.35340640e-02  2.60729622e-02
 -3.75952125e-02 -8.04637596e-02 -3.82447392e-02  1.05032884e-02
  5.90188392e-02  2.72503681e-02  1.61051080e-02  6.10123761e-02
 -6.44459017e-03  2.35514641e-02  6.72287047e-02  1.05607668e-02
 -2.71470640e-02  5.72550818e-02  7.00897947e-02  3.89604196e-02
  4.49861512e-02  3.32247019e-02  1.09897871e-02  6.12347648e-02
 -7.88738355e-02  8.00519600e-04  1.79015212e-02  5.48190484e-03
  5.90375029e-02  4.48693931e-02  3.22596766e-02 -2.40890924e-02
 -1.62128806e-02 -5.91674186e-02 -3.74710634e-02 -3.21474634e-02]","He never spoke of the softer passions, save with a gibe and a sneer.","[0.6, 0.6, 0, 1]"
9,[-13.663057 -15.887038],"[ 4.28556651e-03  1.14067167e-01  1.29831424e-02  2.02933848e-02
  5.19157052e-02  5.66041432e-02  9.99329761e-02 -9.45274979e-02
 -2.14722157e-02 -3.68193649e-02 -8.35625920e-03  3.16948630e-02
 -3.45952995e-02 -1.52722914e-02 -2.65945047e-02  1.72951501e-02
  5.23823649e-02  2.54693124e-02 -7.42923543e-02  7.05053750e-03
  4.66081835e-02 -6.49772659e-02  3.84168550e-02  9.22678784e-03
 -6.94773868e-02 -4.08873940e-03 -3.14102769e-02 -1.74459536e-02
  3.11563443e-02  3.31943221e-02 -2.83777658e-02  4.98414645e-03
  3.86050865e-02 -2.79968288e-02 -5.64815961e-02  7.16918260e-02
  8.07917565e-02  3.02448478e-02  4.40638289e-02 -7.63178244e-02
  2.62454282e-02  2.01114155e-02  5.22260219e-02  1.50466291e-03
 -2.84662675e-02 -2.91365180e-02  8.37797895e-02  2.40433998e-02
 -5.93789406e-02 -3.04655284e-02  3.01420372e-02 -1.81028508e-02
  3.37870697e-05 -1.19510077e-01 -2.81767715e-02  2.85329632e-02
 -1.69582069e-02 -3.63364145e-02  8.73230677e-03 -3.94392870e-02
 -3.57722081e-02 -2.85532773e-02 -3.54419462e-03  2.66872309e-02
 -1.96184665e-02 -7.49254152e-02 -2.09399369e-02  2.32195016e-02
 -1.97790414e-02  4.88973148e-02  3.97209711e-02  2.76197400e-02
  3.44733112e-02 -1.12797543e-01 -3.80991139e-02 -2.02407744e-02
 -3.71655785e-02 -6.60408586e-02 -6.10158965e-02 -5.50297387e-02
  1.50883384e-02  2.92208907e-03 -3.48365717e-02  1.13511026e-01
  1.97769445e-03 -7.32971430e-02 -1.26397023e-02 -1.05162710e-01
  1.36541650e-02  8.70333686e-02 -3.00839543e-02 -7.27101937e-02
  2.00980529e-02 -1.24780722e-02  1.95379439e-03 -3.06478515e-02
 -7.52478046e-03  9.39615667e-02 -1.51782921e-02  7.46207312e-02
  4.63766791e-02  4.92913648e-02 -9.76992920e-02  5.26446961e-02
  5.69134392e-03 -3.87869626e-02 -5.79126924e-02 -8.62835497e-02
 -5.08716702e-02  4.14418839e-02  2.21607951e-03 -1.89151969e-02
  6.55242652e-02 -3.51402685e-02  3.98865975e-02  3.27212326e-02
 -2.60174274e-02  2.39628907e-02  3.84172201e-02 -2.00536977e-02
  7.46073201e-02  4.13066410e-02  2.87407245e-02  9.40310284e-02
  4.79434268e-04 -2.36578677e-02  2.18712762e-02 -5.14297293e-33
  5.61041699e-04  5.32535166e-02  6.35758508e-03  3.07278279e-02
  4.23035212e-02  3.92687321e-02 -1.40673090e-02 -3.21615301e-02
  7.44750947e-02 -1.90201718e-02  2.72103082e-02  1.65451076e-02
  3.01773548e-02  3.98626626e-02 -4.70843241e-02 -3.18836719e-02
 -8.76428038e-02  4.62693647e-02 -6.30033261e-04  4.74076010e-02
 -7.71242753e-02  4.32440173e-03 -9.84598398e-02 -4.44741994e-02
 -8.29410087e-03  6.69930317e-03  3.34149487e-02  1.01763621e-01
 -3.91153619e-02  4.83018607e-02  6.36882382e-03  5.60920909e-02
  2.54972726e-02 -2.51993071e-02 -3.31187844e-02  8.12047869e-02
 -9.74440798e-02 -7.57095218e-02  1.00481156e-02  2.99041718e-02
  3.67964208e-02  4.34150994e-02 -2.39825267e-02 -1.51718371e-02
  1.10484594e-02  2.09144298e-02 -6.99095279e-02  7.13651851e-02
 -4.01052982e-02  7.46016204e-02 -1.38971081e-04 -8.49341042e-03
  2.59361640e-02 -1.24717794e-01 -4.33283783e-02  6.27758354e-02
 -1.62817631e-02  6.58206865e-02 -3.85044119e-03 -6.35198280e-02
  3.61125451e-03  3.93682830e-02  1.29325092e-02  2.24311147e-02
 -4.74435538e-02  7.14676548e-03  9.52556916e-03 -2.62893196e-02
 -3.44337411e-02  5.49604371e-02 -1.44186184e-01  7.62382895e-02
  4.51919995e-02  4.45123704e-04 -3.54918092e-02  4.65113744e-02
 -6.18436821e-02 -3.74959456e-03  6.21704645e-02  1.36552181e-03
 -2.03141887e-02  6.02210406e-03  1.55914435e-02 -5.63423857e-02
 -4.85620126e-02 -5.94853424e-02  3.07552852e-02 -6.03695214e-02
 -4.67883907e-02 -1.03174318e-02  5.44711612e-02  3.72676775e-02
  3.72540504e-02 -4.23759967e-02 -1.09762199e-01  1.67862265e-33
  1.08442819e-02 -1.46929072e-02 -1.40167810e-02  3.77050526e-02
 -2.49729007e-02 -2.80134529e-02 -5.38526438e-02 -7.00903162e-02
 -3.91966179e-02  4.75530401e-02 -7.31097460e-02  1.50662195e-02
 -1.51843494e-02  5.72508536e-02 -5.03410771e-02 -9.78885293e-02
  3.41019891e-02  1.50851451e-03  1.72366332e-02 -1.64132081e-02
  8.86637345e-02  2.95997057e-02  8.36520549e-03 -9.71656516e-02
 -1.37698185e-02  5.12817726e-02  7.04552531e-02 -1.19305447e-01
 -2.17975602e-02  1.04896640e-02  4.45201583e-02 -3.30245867e-02
 -8.44348744e-02  3.54599245e-02  8.06718320e-02  4.94306684e-02
  4.14741263e-02  2.62823179e-02 -4.43030568e-03  7.72348559e-03
 -5.64896613e-02  2.84410175e-02 -3.53712142e-02  3.61213088e-02
 -6.42259568e-02  2.16438435e-02  3.62345539e-02  9.86798853e-02
 -3.25038396e-02 -5.29697612e-02 -9.94406641e-02 -1.68433413e-02
 -2.59922389e-02 -3.04698721e-02 -6.12492189e-02 -4.50561792e-02
  2.34656818e-02 -5.52195758e-02  1.43303826e-01  2.63253711e-02
 -8.53027329e-02  2.79181637e-02 -3.98665667e-02 -4.17725835e-03
 -1.20635796e-03  5.24752028e-02 -4.37239520e-02 -8.93599121e-04
 -1.17028542e-02  1.92351956e-02  4.32789326e-02 -7.73903504e-02
 -4.91746590e-02  5.56224994e-02  6.28566891e-02  3.72844525e-02
  1.83269139e-02 -2.94196606e-02 -9.36474502e-02  3.63382213e-02
 -3.72087327e-03 -8.80999267e-02  1.81662366e-02  5.60363606e-02
  3.36948708e-02  5.28972186e-02 -9.29447487e-02 -1.47340037e-02
 -1.27989426e-03  5.24408519e-02 -4.48232368e-02 -5.20760752e-02
  2.11442099e-03 -3.12762521e-02  2.01235637e-02 -2.56934030e-08
 -2.01064814e-02  3.67318513e-04 -1.84713732e-02 -9.58182197e-03
 -8.31392333e-02 -1.15783617e-01 -3.31182219e-02 -3.37022692e-02
 -4.63667996e-02  4.32803035e-02  9.25518107e-03 -2.87052412e-02
 -3.33473310e-02  7.45119378e-02  1.27842054e-01 -8.83275177e-03
  4.77201529e-02 -5.27847372e-02 -9.15831849e-02 -1.34425489e-02
  8.16204548e-02  1.81768537e-02 -8.23553354e-02 -8.48843902e-02
 -2.11497042e-02  6.03164248e-02 -5.85983247e-02 -2.04056855e-02
  7.73640955e-03  8.14682469e-02  6.65787905e-02  4.22015414e-02
 -1.68801397e-02 -1.99356675e-02  4.15886566e-02  4.25924286e-02
 -7.80407712e-02 -4.06458005e-02  1.48994252e-01  4.70767124e-03
  3.99189778e-02 -4.61687380e-03  3.56618538e-02  7.39587918e-02
  1.21746011e-01  4.56031822e-02  5.18241003e-02  4.78417017e-02
 -9.38185900e-02  5.76629937e-02  2.57357713e-02  3.26932482e-02
  2.85099931e-02  6.14818484e-02 -7.61905778e-03 -5.76213673e-02
  8.68681073e-02  2.49741152e-02 -3.33855562e-02  1.01310359e-02
  6.27689287e-02  7.77242929e-02 -5.80116883e-02 -5.28390966e-02]",They were admirable things for the observerexcellent for drawing the veil from mens motives and actions.,"[0.6, 0.6, 0, 1]"
10,[ -8.180327 -39.26177 ],"[ 3.51693071e-02  3.69842127e-02  2.08614320e-02  9.21641886e-02
  1.00507617e-01  5.10157570e-02  8.74156728e-02  1.36837168e-02
 -5.54617532e-02  6.99914293e-03  4.35429215e-02 -3.62613574e-02
  2.73582041e-02 -1.29573988e-02  6.40140241e-03 -5.50694531e-03
  1.42066786e-02 -1.53263826e-02 -5.25986403e-02  1.87153853e-02
 -2.27182694e-02 -1.58222131e-02  7.23252222e-02 -1.94875617e-02
 -6.56086877e-02  2.25457475e-02  7.07302662e-03 -4.98626009e-02
  9.50173959e-02  1.88577138e-02  4.10368517e-02  9.65743884e-02
 -6.52560033e-03 -7.55968690e-03 -6.78930730e-02 -2.13439353e-02
  1.27135245e-02  1.51587337e-01 -9.26079508e-03 -3.33618633e-02
  2.03359355e-06 -1.44232009e-02  1.69875678e-02 -2.60077547e-02
 -7.26166740e-02 -9.66787934e-02 -3.14080603e-02 -2.36522127e-02
 -7.28310784e-03 -1.06619604e-01 -8.46915096e-02 -2.31057107e-02
  2.37672552e-02 -1.41086295e-01 -2.57964395e-02  3.81376371e-02
  7.48321265e-02  1.60234645e-01 -6.65067285e-02  3.58685367e-02
 -7.95219839e-02 -2.06492897e-02 -4.95238900e-02 -2.20999401e-02
  8.11751634e-02  5.34593761e-02 -2.41509918e-02 -4.11643609e-02
 -4.70809378e-02  6.99777678e-02  3.98940034e-02  7.72616826e-03
  2.62597539e-02 -5.71692809e-02  3.23684374e-03 -1.77472439e-02
 -5.07553332e-02 -5.93678746e-03  7.38750175e-02  3.45907058e-03
 -2.30056513e-02  2.55697630e-02 -2.19725464e-02 -3.52628063e-04
  6.14915565e-02 -4.77022082e-02  2.11230086e-04 -1.14962138e-01
 -3.04525122e-02  8.72242600e-02  3.46647054e-02 -1.17714114e-01
 -4.25070114e-02  4.23523672e-02  1.78698618e-02  4.97503839e-02
 -6.50369078e-02  4.85436432e-02 -1.53384954e-02  2.22171154e-02
  1.74477436e-02 -6.33653253e-03 -8.41087699e-02  9.21699181e-02
  2.01106202e-02 -1.43226469e-02  3.79553735e-02 -5.37034795e-02
 -3.75281717e-03 -3.45429704e-02 -1.70032661e-02 -4.15307470e-03
  2.74374876e-02  1.20792883e-02  1.38333775e-02  5.61000742e-02
 -1.20853549e-02  3.09990793e-02  7.58539233e-03  2.06497801e-03
  1.08791798e-01  2.25423314e-02 -3.70999686e-02  6.45511448e-02
  7.30790943e-02 -5.68787716e-02 -1.10782340e-01  1.14901432e-33
  4.61801030e-02 -6.79995911e-03 -1.25044025e-02 -1.31658176e-02
  4.17617261e-02  1.50084887e-02 -7.81820640e-02 -5.62100299e-02
  1.35168299e-01 -3.39686358e-03  1.46363722e-03  1.79784205e-02
 -1.46753574e-02 -2.77033588e-03 -3.20917293e-02  5.78961037e-02
 -1.13215476e-01  6.39496222e-02 -4.82581742e-03 -4.01142463e-02
 -1.82937272e-02 -2.98032910e-02  1.11949975e-02 -1.96874123e-02
 -6.15025796e-02 -2.60424577e-02  3.52010503e-02  1.04574859e-02
  5.42666391e-02  2.36636568e-02 -4.49765436e-02  1.49002187e-02
 -2.13705935e-02  6.20720945e-02  5.11134639e-02 -1.77262183e-02
  1.30042329e-03 -3.93819883e-02  9.65424348e-03  4.18139063e-03
  2.83122808e-02  4.18249294e-02  1.68671738e-02  1.61184110e-02
  9.31233633e-03  2.72967550e-03 -3.60785350e-02 -1.88804176e-02
 -1.17846414e-01  7.29401484e-02  4.64765392e-02  7.12100491e-02
  1.48221135e-01 -8.34709629e-02 -1.44876745e-02  2.82715298e-02
  3.12263537e-02  3.82811055e-02 -2.83110365e-02  1.85238328e-02
 -1.67751089e-02  2.49944231e-03 -3.58855934e-04  1.73864421e-02
 -3.37996669e-02 -9.04977992e-02 -2.36606374e-02 -3.93325053e-02
 -1.04572490e-01  3.52098979e-02 -9.54648703e-02  2.78503243e-02
 -5.95989637e-02 -2.12407075e-02  8.88509676e-03 -1.31602272e-01
 -3.60984467e-02  5.66510111e-02  8.95945169e-03 -1.59638807e-01
  6.38077855e-02  2.49327924e-02 -6.19469993e-02 -4.56732363e-02
 -1.12360559e-01 -4.20682505e-03  1.53844049e-02  1.35865305e-02
 -1.34335682e-02  3.71759683e-02  4.47245724e-02 -2.63265334e-02
  5.43572754e-02 -1.32374614e-02 -9.49841142e-02 -3.04254580e-33
 -9.67772081e-02 -3.15338634e-02  5.47285471e-03 -6.45753602e-03
  2.73825023e-02 -2.56614643e-03 -1.31199211e-02 -1.04103163e-02
  6.82993159e-02  1.68287382e-03  5.55451438e-02 -1.12397214e-02
  3.27127464e-02 -3.22837345e-02 -8.46596658e-02 -5.79700693e-02
 -3.99732254e-02  1.11490622e-01 -4.02227826e-02 -1.51591832e-02
  1.24120168e-01  2.50714216e-02 -3.06398375e-03 -8.68829340e-02
 -9.44339298e-03  2.48885136e-02 -6.83178604e-02  1.70484241e-02
 -5.93490303e-02  2.01780573e-02 -2.72495281e-02  5.38094603e-02
 -3.29755060e-02 -4.30024303e-02  8.23392868e-02  3.82433459e-02
 -1.80032160e-02  6.53151935e-03 -6.18947595e-02  3.32404003e-02
 -3.40348408e-02 -7.54127279e-03 -2.74289716e-02 -1.48376785e-02
  1.66253988e-02 -6.22773543e-03  3.88003071e-03 -3.24731022e-02
 -2.48161424e-03 -1.41708273e-02 -1.91076174e-02  3.58780194e-03
  4.15562913e-02  2.03811787e-02 -9.21062306e-02 -1.76345184e-02
  7.68211961e-04 -2.63783578e-02  4.93682325e-02  2.75587272e-02
  6.50939904e-03 -2.35822573e-02 -1.12070190e-02 -6.08321615e-02
  2.59407144e-02  5.84999332e-03 -1.09398654e-02  3.89076173e-02
  1.12403035e-01 -1.51490849e-02  4.99773249e-02  9.94457514e-04
 -5.20118140e-02  5.13038859e-02 -1.80945452e-02  1.22481897e-01
 -3.45242885e-03 -9.16924775e-02 -4.43561450e-02 -2.06328966e-02
 -4.96632466e-03 -9.79345292e-02  1.93886105e-02  1.27800880e-02
 -2.47058924e-02  6.39446527e-02  2.24682153e-03  2.24774983e-02
  2.81793177e-02  2.10728627e-02  2.66848616e-02 -4.00171913e-02
  2.50558015e-02  2.94658653e-02 -5.07688746e-02 -3.32545689e-08
 -5.19773811e-02 -5.90353087e-02 -9.11874771e-02  5.02244867e-02
  7.64245391e-02 -1.75785497e-02 -5.02645448e-02 -1.90808829e-02
 -7.53401592e-02  2.39905957e-02 -2.13405606e-03 -3.21698263e-02
 -1.09568210e-02  4.29945029e-02  1.00256681e-01  2.01764237e-03
 -2.03506835e-02  4.10631485e-02 -5.81348203e-02  2.77738217e-02
  8.68367478e-02 -3.92653309e-02 -2.01989170e-02  3.51104550e-02
 -3.83019485e-02  5.96740225e-04 -8.55807513e-02  4.60308641e-02
 -2.63607204e-02  3.05847712e-02  7.25612491e-02  2.65099779e-02
 -3.63260657e-02 -3.57981883e-02 -1.18088946e-02  9.65808704e-02
 -2.02537999e-02 -1.48526682e-02  6.47410974e-02  4.00118008e-02
 -4.32193391e-02 -1.29157333e-02  1.08968257e-03  9.21479836e-02
  6.11899272e-02 -4.82052788e-02  2.04236470e-02 -1.34121878e-02
 -4.97703813e-02  3.66670564e-02  1.16254995e-02  4.98104580e-02
  8.33061989e-03 -2.74933446e-02  4.46663275e-02  1.20653193e-02
  2.31259298e-02  3.85147966e-02 -1.53223947e-01 -3.45969014e-02
  4.09690924e-02  9.71375182e-02  3.48297469e-02  1.40406219e-02]",But for the trained reasoner to admit such intrusions into his own delicate and finely adjusted temperament was to introduce a distracting factor which might throw a doubt upon all his mental results.,"[0.6, 0.6, 0, 1]"
  